overall_percentage,programming_marks,maths_marks,database_marks,os_marks,network_marks,projects_completed,python,java,cpp,html_css,javascript,sql_skill,machine_learning,data_analysis,git,cloud,communication,problem_solving,teamwork,leadership,critical_thinking,creativity,time_management,interest,work_type,career_goal,career
85,67,56,72,70,69,3,1,5,1,5,4,1,1,1,2,2,5,5,1,5,2,5,4,Data Science,Data,Job,Data Scientist
72,88,92,72,55,65,7,3,3,2,2,3,1,1,4,1,3,3,5,3,1,4,5,1,Data Science,Data,Job,Data Scientist
94,84,60,90,73,95,6,5,2,1,1,2,3,1,2,1,4,3,4,3,2,3,3,2,Data Science,Data,Job,Data Scientist
86,77,59,93,95,65,4,2,4,4,3,5,2,3,1,2,1,3,4,3,1,2,5,3,Data Science,Data,Job,Data Scientist
71,91,80,84,64,71,3,2,5,5,3,5,4,5,4,3,2,2,5,4,1,1,1,2,Data Science,Data,Job,Data Scientist
85,70,82,93,59,79,7,5,4,5,3,5,1,1,5,3,3,1,3,4,2,4,1,3,Data Science,Data,Job,Data Scientist
81,71,87,61,95,74,4,2,3,2,5,5,1,5,3,4,1,1,3,3,2,1,2,5,Data Science,Data,Job,Data Scientist
95,65,60,86,59,89,3,2,4,5,2,3,5,5,4,2,5,2,3,4,3,4,5,4,Data Science,Data,Job,Data Scientist
68,75,69,59,76,56,4,5,2,1,1,1,2,1,1,3,1,5,2,3,4,2,5,2,Data Science,Data,Job,Data Scientist
88,90,70,85,81,67,2,1,4,3,4,4,4,1,1,1,4,3,1,2,2,2,5,4,Data Science,Data,Job,Data Scientist
69,87,66,72,84,70,2,4,5,1,1,5,1,1,2,2,4,4,4,2,4,1,2,4,Data Science,Data,Job,Data Scientist
65,84,71,84,73,82,8,2,2,3,2,1,5,5,1,3,1,1,5,4,5,5,2,1,Data Science,Data,Job,Data Scientist
95,92,60,66,59,93,2,2,4,1,5,2,5,5,1,5,1,4,5,5,5,3,3,2,Data Science,Data,Job,Data Scientist
86,80,70,71,80,63,5,4,3,1,1,4,5,5,1,1,5,2,5,3,2,3,1,2,Data Science,Data,Job,Data Scientist
76,78,65,83,89,74,1,5,3,1,2,3,1,1,5,2,3,3,5,2,3,2,3,5,Data Science,Data,Job,Data Scientist
80,76,58,60,95,82,5,1,1,3,2,3,2,4,5,4,5,1,1,1,2,5,1,3,Data Science,Data,Job,Data Scientist
83,95,64,82,63,57,5,3,1,3,2,2,1,3,5,4,5,2,2,2,2,4,1,2,Data Science,Data,Job,Data Scientist
88,81,81,70,72,65,2,4,1,4,2,2,4,3,3,2,2,1,2,4,3,3,1,3,Data Science,Data,Job,Data Scientist
76,92,80,89,76,56,2,3,2,5,3,1,1,5,4,3,3,4,5,5,1,4,5,2,Data Science,Data,Job,Data Scientist
73,62,82,55,88,89,4,3,4,1,3,5,3,1,3,5,3,4,3,4,3,5,2,2,Data Science,Data,Job,Data Scientist
78,84,66,94,91,74,7,5,1,3,3,2,4,5,5,3,4,4,4,2,5,4,2,1,Artificial Intelligence,Research,Job,Machine Learning Engineer
74,92,95,94,76,60,4,3,2,2,2,1,1,2,4,5,1,4,4,5,2,4,4,4,Artificial Intelligence,Research,Job,Machine Learning Engineer
72,69,55,61,82,69,3,5,4,1,5,2,1,4,2,4,5,5,5,3,4,5,5,4,Artificial Intelligence,Research,Job,Machine Learning Engineer
91,95,83,65,85,83,5,2,3,5,4,2,3,4,1,3,2,3,3,3,5,1,2,2,Artificial Intelligence,Research,Job,Machine Learning Engineer
72,84,64,68,59,81,7,3,5,4,4,1,2,4,4,5,1,5,4,4,1,3,3,4,Artificial Intelligence,Research,Job,Machine Learning Engineer
92,86,89,89,93,69,8,2,3,4,4,1,4,3,4,2,4,2,5,5,1,4,5,5,Artificial Intelligence,Research,Job,Machine Learning Engineer
86,61,60,82,63,84,3,1,3,4,3,2,4,3,3,4,3,4,3,1,4,1,5,1,Artificial Intelligence,Research,Job,Machine Learning Engineer
95,82,69,59,57,56,4,2,1,5,2,2,2,4,1,5,2,4,3,3,2,5,5,1,Artificial Intelligence,Research,Job,Machine Learning Engineer
89,70,74,61,92,56,5,5,4,4,2,1,5,2,1,3,5,1,5,1,3,5,4,3,Artificial Intelligence,Research,Job,Machine Learning Engineer
67,92,76,55,81,86,2,4,3,4,2,4,2,5,3,5,5,4,4,4,5,3,3,2,Artificial Intelligence,Research,Job,Machine Learning Engineer
91,65,72,83,70,84,7,3,1,4,3,2,4,2,3,3,3,3,5,3,5,1,5,2,Artificial Intelligence,Research,Job,Machine Learning Engineer
67,75,81,86,90,70,8,4,4,1,1,3,2,4,2,3,5,3,4,5,5,3,4,5,Artificial Intelligence,Research,Job,Machine Learning Engineer
75,82,84,72,74,71,4,1,2,3,1,5,2,2,2,4,3,5,5,5,3,1,2,3,Artificial Intelligence,Research,Job,Machine Learning Engineer
72,83,66,74,55,89,3,3,1,1,5,3,2,4,1,1,5,3,4,4,4,3,2,1,Artificial Intelligence,Research,Job,Machine Learning Engineer
73,90,62,59,80,86,2,5,1,2,2,5,3,1,2,1,5,4,5,5,5,2,5,4,Artificial Intelligence,Research,Job,Machine Learning Engineer
79,88,74,92,82,74,1,5,1,2,2,3,1,2,2,2,5,1,2,1,4,4,5,4,Artificial Intelligence,Research,Job,Machine Learning Engineer
74,62,69,73,73,84,2,2,3,5,2,4,1,5,2,2,3,2,1,1,2,3,5,5,Artificial Intelligence,Research,Job,Machine Learning Engineer
94,78,83,62,84,74,7,3,5,5,4,4,1,5,1,4,3,5,3,1,1,2,5,5,Artificial Intelligence,Research,Job,Machine Learning Engineer
95,61,72,91,57,66,8,5,4,3,2,5,4,4,1,4,3,4,3,3,1,2,3,4,Artificial Intelligence,Research,Job,Machine Learning Engineer
87,91,73,80,90,57,8,1,3,3,3,1,4,5,1,5,4,4,1,2,5,3,5,4,Artificial Intelligence,Research,Job,Machine Learning Engineer
85,88,58,68,72,90,3,3,4,4,1,1,5,2,2,3,5,1,5,4,1,2,1,4,Web Development,Programming,Job,Full Stack Developer
95,67,64,86,73,87,5,4,4,4,2,4,5,2,4,2,5,5,2,1,3,4,3,5,Web Development,Programming,Job,Full Stack Developer
73,60,73,74,92,92,8,2,4,5,4,3,3,5,5,4,4,3,2,2,5,4,2,4,Web Development,Programming,Job,Full Stack Developer
66,80,85,79,79,64,8,1,2,5,5,3,1,4,1,5,4,1,2,4,2,1,4,3,Web Development,Programming,Job,Full Stack Developer
75,85,60,76,89,79,6,4,5,1,5,1,2,3,2,1,4,1,1,4,2,3,1,1,Web Development,Programming,Job,Full Stack Developer
75,63,73,77,78,82,3,2,5,4,5,2,2,2,1,5,4,5,2,4,5,2,2,4,Web Development,Programming,Job,Full Stack Developer
85,76,84,71,55,84,5,5,2,1,4,3,5,3,4,3,4,3,2,4,4,1,2,4,Web Development,Programming,Job,Full Stack Developer
83,82,91,73,73,56,7,3,1,5,1,5,4,3,2,5,3,2,2,5,3,2,1,1,Web Development,Programming,Job,Full Stack Developer
74,88,57,92,78,63,2,3,3,4,2,2,2,5,3,5,5,3,2,3,4,3,3,1,Web Development,Programming,Job,Full Stack Developer
79,64,64,69,80,90,6,1,4,1,3,5,1,4,3,3,5,4,3,1,2,4,1,5,Web Development,Programming,Job,Full Stack Developer
93,95,75,94,69,59,8,3,4,1,2,1,1,3,4,1,1,2,5,2,4,4,3,5,Web Development,Programming,Job,Full Stack Developer
78,69,81,61,86,94,7,3,1,3,2,4,4,2,3,1,3,5,3,1,4,3,2,1,Web Development,Programming,Job,Full Stack Developer
95,89,60,68,95,93,1,1,3,2,2,5,2,1,5,2,5,2,2,3,2,5,1,3,Web Development,Programming,Job,Full Stack Developer
92,69,63,89,71,66,2,1,2,1,3,2,5,3,1,2,3,1,2,4,5,1,1,4,Web Development,Programming,Job,Full Stack Developer
79,83,87,92,61,83,4,5,1,5,3,4,1,1,4,4,4,1,4,4,1,1,3,5,Web Development,Programming,Job,Full Stack Developer
69,64,63,72,94,95,6,4,5,5,3,4,5,5,4,1,1,5,2,4,4,2,4,3,Web Development,Programming,Job,Full Stack Developer
91,89,80,81,61,75,7,3,3,3,2,4,1,1,1,1,4,1,3,2,5,1,5,5,Web Development,Programming,Job,Full Stack Developer
82,81,62,81,77,82,1,3,5,3,3,1,5,5,2,2,4,2,1,3,5,3,1,3,Web Development,Programming,Job,Full Stack Developer
83,74,82,90,94,94,1,5,3,1,2,3,3,3,3,1,2,2,5,4,1,2,1,1,Web Development,Programming,Job,Full Stack Developer
88,93,68,79,81,84,6,2,3,3,3,5,5,1,1,2,2,5,1,1,3,4,4,4,Web Development,Programming,Job,Full Stack Developer
84,88,81,72,68,87,2,3,4,1,3,5,4,5,3,1,2,4,5,1,1,2,3,2,Software Development,Programming,Job,Software Developer
89,68,71,73,75,62,1,4,4,2,2,4,5,2,5,5,3,1,4,1,4,1,4,1,Software Development,Programming,Job,Software Developer
92,80,91,82,91,80,7,3,1,4,1,3,2,5,4,3,1,4,1,2,4,5,4,5,Software Development,Programming,Job,Software Developer
67,85,74,76,69,76,3,1,5,1,5,5,2,3,3,2,2,1,2,3,2,2,5,2,Software Development,Programming,Job,Software Developer
89,64,66,95,86,84,8,5,5,3,3,2,4,1,4,4,3,3,5,1,3,5,1,3,Software Development,Programming,Job,Software Developer
79,88,57,58,78,73,2,1,5,5,5,4,4,5,5,1,4,5,2,3,5,4,5,2,Software Development,Programming,Job,Software Developer
95,63,83,61,76,60,3,1,2,4,4,5,5,5,2,3,3,3,4,4,3,5,1,3,Software Development,Programming,Job,Software Developer
67,81,61,90,79,73,5,5,2,3,1,5,2,3,3,4,2,5,1,3,5,4,3,2,Software Development,Programming,Job,Software Developer
86,93,60,82,87,78,1,3,3,2,2,3,4,2,2,2,2,1,3,1,5,5,5,1,Software Development,Programming,Job,Software Developer
86,81,94,63,93,79,3,2,2,5,2,4,1,4,3,2,4,5,3,4,2,5,2,3,Software Development,Programming,Job,Software Developer
95,90,67,78,91,83,8,3,4,5,5,4,2,2,5,2,3,1,4,3,5,1,5,1,Software Development,Programming,Job,Software Developer
74,65,65,72,83,87,3,4,1,2,4,3,1,4,1,4,5,3,2,4,1,3,2,1,Software Development,Programming,Job,Software Developer
75,66,76,64,63,57,5,4,2,4,4,5,1,1,1,3,2,2,5,5,5,4,1,3,Software Development,Programming,Job,Software Developer
72,79,62,58,70,81,8,1,1,4,5,5,1,5,5,2,2,3,4,1,5,3,2,5,Software Development,Programming,Job,Software Developer
78,71,60,88,78,59,1,4,4,1,4,3,3,1,3,1,3,2,1,5,3,2,1,3,Software Development,Programming,Job,Software Developer
82,81,66,84,85,95,3,2,1,4,1,3,2,1,2,1,3,3,5,4,5,4,3,1,Software Development,Programming,Job,Software Developer
89,72,73,77,58,76,5,1,3,4,4,4,4,3,2,4,4,3,5,3,1,4,1,4,Software Development,Programming,Job,Software Developer
84,71,89,73,75,61,2,3,3,3,4,5,4,2,4,3,4,1,3,5,4,3,1,1,Software Development,Programming,Job,Software Developer
86,85,78,87,65,56,3,5,4,1,2,1,2,3,3,4,5,1,5,2,4,3,3,4,Software Development,Programming,Job,Software Developer
89,64,91,63,88,78,7,3,3,2,1,1,2,4,5,4,5,1,3,3,4,2,5,3,Software Development,Programming,Job,Software Developer
87,91,67,62,63,59,8,2,4,1,3,3,1,5,5,3,3,2,2,3,5,2,1,2,Cyber Security,Security,Job,Cyber Security Analyst
90,68,70,86,56,78,6,4,5,2,5,1,1,3,4,4,5,4,4,5,1,2,3,1,Cyber Security,Security,Job,Cyber Security Analyst
79,89,88,77,63,90,3,2,4,5,1,1,5,2,3,2,2,3,2,3,5,3,1,3,Cyber Security,Security,Job,Cyber Security Analyst
71,95,72,63,95,74,2,5,2,5,5,2,2,5,5,3,5,1,1,1,1,5,3,2,Cyber Security,Security,Job,Cyber Security Analyst
89,86,94,95,56,86,5,3,4,2,4,3,4,1,1,2,4,4,4,4,2,3,5,2,Cyber Security,Security,Job,Cyber Security Analyst
75,80,77,80,63,78,2,3,2,4,1,3,4,2,2,1,1,3,4,5,4,2,2,3,Cyber Security,Security,Job,Cyber Security Analyst
94,80,67,65,86,87,8,4,3,4,1,1,4,5,4,2,2,5,3,1,1,3,4,5,Cyber Security,Security,Job,Cyber Security Analyst
93,90,73,89,55,61,7,2,3,3,4,3,1,4,1,5,5,2,3,5,3,1,4,5,Cyber Security,Security,Job,Cyber Security Analyst
79,95,72,94,94,62,3,1,4,3,3,5,3,2,2,5,5,4,5,1,1,1,2,3,Cyber Security,Security,Job,Cyber Security Analyst
90,90,88,84,64,93,3,3,5,3,2,4,5,3,5,3,5,5,5,4,5,3,4,1,Cyber Security,Security,Job,Cyber Security Analyst
76,81,62,81,92,74,1,5,4,3,5,5,2,1,5,4,2,5,5,4,2,2,1,5,Cyber Security,Security,Job,Cyber Security Analyst
95,67,67,56,83,75,7,2,4,2,4,5,5,4,1,2,5,2,5,3,4,5,4,3,Cyber Security,Security,Job,Cyber Security Analyst
95,71,84,89,76,89,6,3,5,4,2,2,3,5,3,2,3,3,2,4,3,4,3,5,Cyber Security,Security,Job,Cyber Security Analyst
94,77,73,62,91,89,7,4,3,2,3,1,3,1,3,4,3,4,2,2,5,3,5,3,Cyber Security,Security,Job,Cyber Security Analyst
69,66,94,92,70,70,1,5,2,2,1,1,4,3,4,1,2,1,5,2,4,4,4,2,Cyber Security,Security,Job,Cyber Security Analyst
89,78,75,73,58,60,4,5,1,2,4,2,1,4,4,2,3,1,1,3,5,5,1,3,Cyber Security,Security,Job,Cyber Security Analyst
74,89,89,88,86,63,8,3,2,1,3,2,4,3,2,1,3,3,5,2,2,5,4,4,Cyber Security,Security,Job,Cyber Security Analyst
81,80,60,80,61,66,3,4,3,2,1,3,4,2,4,3,3,3,5,5,1,3,3,2,Cyber Security,Security,Job,Cyber Security Analyst
66,67,84,74,65,80,5,1,3,3,5,2,2,2,4,2,4,5,3,4,5,4,5,2,Cyber Security,Security,Job,Cyber Security Analyst
89,75,93,60,88,83,6,1,5,1,1,5,5,2,5,5,2,2,3,5,4,1,2,5,Cyber Security,Security,Job,Cyber Security Analyst
80,65,87,83,58,84,3,5,4,4,5,1,5,4,3,1,4,3,1,2,5,1,1,4,Database,Data,Job,Database Administrator
76,64,89,58,59,85,1,3,4,2,2,4,3,4,4,4,4,1,5,2,3,1,2,5,Database,Data,Job,Database Administrator
77,93,63,69,55,56,5,4,5,4,5,4,2,2,4,3,2,3,2,1,1,4,5,1,Database,Data,Job,Database Administrator
72,73,59,61,93,57,8,5,1,2,1,4,4,2,5,2,1,2,5,3,2,5,3,5,Database,Data,Job,Database Administrator
84,80,70,74,64,88,4,4,3,3,1,5,5,2,4,5,4,1,3,4,5,3,4,4,Database,Data,Job,Database Administrator
69,79,79,66,89,85,4,2,3,2,4,1,5,4,4,5,5,2,4,2,3,2,3,1,Database,Data,Job,Database Administrator
94,88,78,60,89,67,1,3,4,5,5,1,1,2,5,5,2,4,2,3,3,1,2,2,Database,Data,Job,Database Administrator
95,67,85,70,93,68,7,2,5,3,3,4,4,5,3,3,3,3,5,4,4,1,4,3,Database,Data,Job,Database Administrator
94,73,78,75,81,57,4,2,1,3,5,5,5,4,3,2,2,3,2,4,5,2,4,5,Database,Data,Job,Database Administrator
85,81,71,86,86,84,3,3,2,2,5,4,2,5,1,5,1,1,1,1,4,2,2,1,Database,Data,Job,Database Administrator
87,69,55,68,87,84,6,1,5,5,4,4,1,1,5,5,4,1,1,5,3,5,3,1,Database,Data,Job,Database Administrator
81,87,66,61,61,88,3,2,2,5,5,3,3,3,4,1,3,4,4,5,2,2,3,1,Database,Data,Job,Database Administrator
85,62,60,80,79,79,8,1,1,2,1,4,4,3,5,1,5,1,2,2,5,4,3,1,Database,Data,Job,Database Administrator
94,64,72,89,91,57,3,3,1,2,5,2,4,1,3,2,5,2,5,4,5,3,4,2,Database,Data,Job,Database Administrator
90,65,87,77,58,61,7,2,1,3,5,5,5,4,3,1,3,4,4,2,3,5,4,4,Database,Data,Job,Database Administrator
70,84,60,94,73,70,2,1,3,2,4,2,4,3,3,1,1,1,3,4,3,3,1,2,Database,Data,Job,Database Administrator
67,71,82,83,90,90,7,1,1,1,3,5,1,5,5,3,4,1,3,4,4,1,5,2,Database,Data,Job,Database Administrator
83,93,65,79,65,63,5,3,3,4,2,1,2,4,3,4,3,4,1,3,3,2,4,5,Database,Data,Job,Database Administrator
84,72,84,61,63,74,1,4,3,5,4,3,4,3,4,5,2,3,3,5,2,4,3,2,Database,Data,Job,Database Administrator
95,85,75,73,95,86,4,3,4,3,4,3,1,5,2,5,5,2,5,1,4,2,4,3,Database,Data,Job,Database Administrator
91,64,81,86,63,95,5,2,3,2,4,4,1,4,5,4,5,4,5,5,4,5,1,3,Networking,Networking,Job,Network Engineer
87,94,93,95,60,61,4,3,2,5,1,5,4,3,4,1,1,1,3,2,5,5,5,5,Networking,Networking,Job,Network Engineer
87,74,83,78,80,84,3,3,1,4,1,3,4,1,1,2,3,3,3,4,2,5,4,3,Networking,Networking,Job,Network Engineer
80,66,83,83,75,59,5,1,1,1,3,1,2,2,5,2,5,2,3,5,4,4,2,4,Networking,Networking,Job,Network Engineer
85,71,66,95,82,80,1,5,2,4,5,4,4,1,2,2,3,1,5,1,5,2,3,3,Networking,Networking,Job,Network Engineer
71,89,62,71,86,88,6,5,4,5,4,5,1,3,3,4,5,2,3,5,5,1,2,3,Networking,Networking,Job,Network Engineer
68,75,74,62,66,78,3,5,4,4,5,2,5,4,4,2,4,5,2,5,2,4,3,2,Networking,Networking,Job,Network Engineer
70,80,83,94,58,77,1,4,2,2,4,5,5,4,4,4,4,4,4,2,1,5,1,2,Networking,Networking,Job,Network Engineer
74,62,72,69,89,73,3,4,5,4,5,5,1,5,1,3,5,3,5,1,4,5,2,4,Networking,Networking,Job,Network Engineer
68,75,74,57,83,71,6,1,4,1,2,2,5,3,5,4,2,5,2,2,2,1,5,3,Networking,Networking,Job,Network Engineer
82,77,93,89,65,75,5,3,5,3,5,1,2,4,1,3,2,2,2,2,3,2,4,4,Networking,Networking,Job,Network Engineer
69,77,95,81,79,83,2,1,4,5,3,3,4,4,3,5,1,1,4,3,1,5,4,2,Networking,Networking,Job,Network Engineer
95,87,68,86,72,75,5,3,5,5,2,5,4,3,1,1,1,4,1,1,2,4,4,1,Networking,Networking,Job,Network Engineer
95,87,67,63,74,65,5,1,3,3,1,3,2,1,4,3,2,4,1,1,1,2,4,1,Networking,Networking,Job,Network Engineer
69,74,88,83,55,55,6,1,4,2,4,1,2,4,1,1,1,3,3,3,2,4,2,2,Networking,Networking,Job,Network Engineer
67,93,91,55,94,65,8,3,2,2,4,5,4,2,1,1,2,1,5,4,3,4,3,2,Networking,Networking,Job,Network Engineer
72,77,60,70,90,93,5,1,3,2,5,5,5,2,4,3,1,2,4,4,1,2,4,5,Networking,Networking,Job,Network Engineer
67,93,55,78,75,63,7,5,4,3,5,2,4,1,1,5,1,1,3,2,1,1,4,5,Networking,Networking,Job,Network Engineer
74,92,81,82,80,60,3,3,1,3,1,5,2,2,5,3,4,5,1,3,4,2,1,2,Networking,Networking,Job,Network Engineer
67,87,62,84,94,93,1,3,2,1,1,2,1,2,4,3,5,5,3,2,3,2,3,1,Networking,Networking,Job,Network Engineer
89,61,76,82,72,88,2,3,5,1,4,4,5,3,1,4,5,2,3,2,3,1,5,1,Cloud Computing,Networking,Job,Cloud Engineer
72,92,55,57,55,70,1,4,3,4,2,2,1,5,4,2,3,2,4,3,3,1,5,3,Cloud Computing,Networking,Job,Cloud Engineer
68,92,58,66,69,88,1,4,1,4,3,3,3,1,5,4,1,3,2,3,5,3,5,2,Cloud Computing,Networking,Job,Cloud Engineer
79,83,92,86,67,89,4,2,1,4,1,2,5,3,1,3,1,4,3,1,2,5,2,4,Cloud Computing,Networking,Job,Cloud Engineer
80,63,64,72,60,57,4,5,4,3,4,1,5,1,5,2,4,1,5,5,1,4,2,2,Cloud Computing,Networking,Job,Cloud Engineer
74,76,75,80,75,75,8,3,2,1,2,2,5,1,2,1,2,4,4,3,4,1,5,3,Cloud Computing,Networking,Job,Cloud Engineer
95,73,83,74,84,71,2,1,2,3,5,1,2,3,2,1,2,3,4,5,1,3,3,2,Cloud Computing,Networking,Job,Cloud Engineer
65,85,83,90,90,70,2,4,1,2,1,1,1,2,2,2,4,3,1,5,5,3,1,1,Cloud Computing,Networking,Job,Cloud Engineer
67,72,83,63,60,76,2,1,4,1,2,5,4,4,4,1,4,4,2,3,2,2,3,3,Cloud Computing,Networking,Job,Cloud Engineer
79,69,57,94,94,94,4,3,4,4,5,4,1,1,3,4,2,4,2,5,2,5,1,4,Cloud Computing,Networking,Job,Cloud Engineer
90,82,85,89,86,77,6,4,3,2,1,3,5,2,1,3,1,4,5,3,5,2,2,1,Cloud Computing,Networking,Job,Cloud Engineer
72,75,72,89,58,69,7,3,2,2,2,5,3,3,5,1,3,5,5,2,5,2,4,5,Cloud Computing,Networking,Job,Cloud Engineer
74,71,86,57,60,58,4,5,2,1,5,4,1,3,5,2,2,3,2,3,1,1,2,5,Cloud Computing,Networking,Job,Cloud Engineer
87,69,62,88,78,59,6,4,5,1,3,3,3,2,2,4,4,3,2,5,5,3,2,5,Cloud Computing,Networking,Job,Cloud Engineer
91,71,79,74,73,63,3,1,5,4,5,1,2,5,3,5,2,5,1,4,2,3,1,2,Cloud Computing,Networking,Job,Cloud Engineer
76,80,65,95,60,95,6,4,1,3,2,2,1,3,3,1,1,1,4,4,4,2,4,4,Cloud Computing,Networking,Job,Cloud Engineer
93,84,77,89,79,61,8,5,2,2,4,1,1,3,1,3,3,1,1,3,2,4,2,1,Cloud Computing,Networking,Job,Cloud Engineer
82,65,76,93,94,85,1,4,2,5,4,2,1,1,3,2,2,4,5,5,3,3,3,2,Cloud Computing,Networking,Job,Cloud Engineer
68,63,80,91,90,86,3,1,3,1,4,1,3,5,4,2,1,1,2,2,3,1,4,1,Cloud Computing,Networking,Job,Cloud Engineer
74,85,85,86,71,60,7,2,3,4,3,2,4,1,3,4,4,3,2,3,5,1,2,1,Cloud Computing,Networking,Job,Cloud Engineer
67,82,89,81,92,69,1,4,5,4,5,4,5,2,4,3,1,4,1,5,5,5,5,5,UI UX,Design,Freelancing,UI UX Designer
69,67,83,66,65,68,4,2,1,4,1,4,2,2,5,3,3,1,1,4,5,4,5,3,UI UX,Design,Freelancing,UI UX Designer
92,77,88,84,55,94,7,1,4,2,2,5,5,5,1,1,5,1,3,5,3,4,3,4,UI UX,Design,Freelancing,UI UX Designer
85,91,91,93,85,57,3,3,4,2,5,5,4,1,4,3,2,1,4,3,3,1,3,3,UI UX,Design,Freelancing,UI UX Designer
74,77,86,61,69,63,5,4,3,3,4,5,1,2,4,2,4,4,5,3,1,5,2,1,UI UX,Design,Freelancing,UI UX Designer
74,92,80,63,88,91,1,2,2,2,1,2,1,4,1,3,2,3,3,4,5,4,1,1,UI UX,Design,Freelancing,UI UX Designer
72,83,86,93,83,66,8,5,5,3,3,2,3,1,3,1,4,1,2,5,2,2,2,2,UI UX,Design,Freelancing,UI UX Designer
73,86,87,56,55,85,3,2,5,1,2,3,5,3,3,4,4,3,4,3,2,4,3,5,UI UX,Design,Freelancing,UI UX Designer
91,85,92,61,55,87,6,5,5,5,3,3,1,4,1,3,3,3,3,3,3,2,2,5,UI UX,Design,Freelancing,UI UX Designer
89,75,58,93,80,75,3,1,4,3,3,4,4,4,1,5,5,2,3,2,5,4,3,5,UI UX,Design,Freelancing,UI UX Designer
74,70,90,66,73,61,8,2,3,5,2,3,1,2,3,2,3,4,3,3,3,5,3,4,UI UX,Design,Freelancing,UI UX Designer
92,67,85,58,95,92,2,4,2,5,1,4,5,3,4,1,2,2,2,3,4,5,4,2,UI UX,Design,Freelancing,UI UX Designer
75,71,60,86,76,95,3,3,1,1,4,3,2,2,5,2,4,1,2,5,4,4,4,4,UI UX,Design,Freelancing,UI UX Designer
95,90,79,55,57,89,4,3,1,3,5,2,1,1,2,2,3,3,2,1,4,5,5,3,UI UX,Design,Freelancing,UI UX Designer
70,64,57,74,73,84,6,4,2,3,4,3,2,2,4,1,2,2,2,2,1,5,5,2,UI UX,Design,Freelancing,UI UX Designer
68,83,57,79,95,71,1,5,1,1,1,1,1,4,4,4,1,5,3,4,2,2,1,3,UI UX,Design,Freelancing,UI UX Designer
78,66,88,72,94,93,3,4,1,5,5,1,3,1,1,4,2,5,2,3,5,2,3,4,UI UX,Design,Freelancing,UI UX Designer
74,70,57,90,86,68,8,3,2,1,1,1,1,5,4,2,1,5,1,1,3,2,4,3,UI UX,Design,Freelancing,UI UX Designer
73,89,58,61,66,57,5,3,3,4,1,1,1,1,2,2,3,3,4,5,3,1,3,3,UI UX,Design,Freelancing,UI UX Designer
70,67,80,80,84,72,7,4,4,2,1,2,1,2,1,4,5,4,5,4,2,5,4,3,UI UX,Design,Freelancing,UI UX Designer
